牌名,店名,最低价,分类,抓取时间
万智牌全军覆灭,童梦徐汇万智牌店,5,【童梦徐汇】 万智牌 MTG M20 简中 全军覆灭 金,2019/10/25 0:08
万智牌垦殖妖精,虫子桌游,12.2,【虫子桌游】万智牌MTG M20 核心系列 垦殖妖精 绿色 金 简中,2019/10/25 0:08
万智牌黑檀军团骑士,时间守护者的驿站,18,万智牌 M20 核心系列 黑檀军团骑士 金,2019/10/25 0:08
万智牌烈焰骁骑,NewMoon卡牌,10,【NewMoon卡牌】万智牌 M20 核心系列2020 烈焰骁骑 密稀,2019/10/25 0:08
万智牌冰牙寇特蛇,十二星座卡牌,17,万智牌 冰牙寇特蛇 简中 摩登新篇 多色 金,2019/10/25 0:08
万智牌集宝奥夫,盗梦空间卡牌,18,[盗梦空间]MTG万智牌 集宝奥夫 摩登新篇MH1 简中,2019/10/25 0:08
万智牌幻灭终时,卡牌天地,30,万智牌 闪幻灭终时 火花之战 秘稀 简中平卡/简中纪念闪/带旅法,2019/10/25 0:08
万智牌扣留代行官,青岛时间行走卡牌,19,【时间行走】万智牌 扣留代行官 简中 效忠拉尼卡 多色 金,2019/10/25 0:08
万智牌艾蓝卓幽谷大法师,Kenny万智,24.9,【Kenny万智】 万智牌 艾蓝卓幽谷大法师 英文 UMA,2019/10/25 0:08
万智牌非瑞克西亚祭坛,FCG卡牌商城,75,(FCG)万智牌 UMA 非瑞克西亚祭坛,2019/10/25 0:08
万智牌虔诚德鲁伊,时间守护者的驿站,8,万智牌 虔诚德鲁伊 终极大师 英文 UMA 银,2019/10/25 0:08
万智牌奥札奇征召,万智萌新传,14.88,万智牌 奥札奇征召 奥札奇再起 简中,2019/10/25 0:08
万智牌搅扰群列,盗梦空间卡牌,8,[盗梦空间]MTG万智牌 搅扰群列 终极大师UMA 英文,2019/10/25 0:08
万智牌把握今朝,回忆e时代 万智牌卡店,2.99,【回忆e时代】万智牌 终极大师 把握今朝 英文 红色 金,2019/10/25 0:09
万智牌阴界渡桥,莎莎de小窝,24,【莎莎的小窝】万智牌 UMA 金 阴界渡桥 英文,2019/10/25 0:09
万智牌滋养群列,一诺卡牌,5,万智牌 MTG 滋养群列 最终大师 UMA 英文 金 175 平闪,2019/10/25 0:09
万智牌爆雷炼球,万智牌王府井卡牌部落,7.99,【王府井卡牌】万智牌 爆雷炼球 简体中文 图片版本,2019/10/25 0:09
万智牌红月贤者,魔法风云会,35,万智牌 红月贤者 Magus of the Moon 中 英 IMA 金 闪 平,2019/10/25 0:09
万智牌众神之怒,童梦徐汇万智牌店,13.5,【童梦徐汇】 万智牌 众神之怒 简中 塞洛斯 红色,2019/10/25 0:09
万智牌特务法术师雅亚巴拉德,tuntunbaiwu,8,万智牌 特务法术师雅亚巴拉德 简中 时间漩涡 cm,2019/10/25 0:09
万智牌米捷兹的精研,北京大力鱼万智牌,40,万智牌 C15 简中 红 金 法术 029 米捷兹的精研,2019/10/25 0:09
万智牌繁殖地煽动者,九叔的万智牌,58,九叔万智牌 繁殖地煽动者 对决闪 人鱼VS鬼怪 帮七哥卖,2019/10/25 0:09
万智牌个人导师,真橙卡牌,130,[真橙]万智牌 MTG 个人导师 Personal Tutor 博图 英文,2019/10/25 0:09
万智牌行商卷轴,小艾的魔法,30.00,万智牌 行商卷轴 家园 英文 蓝色 银 【小艾的魔法】,2019-10-25 00:20:26
万智牌回撤,2015的卡牌小铺,50.00,万智牌 回撤 Retract 简中NM 玄铁 金 9+,2019-10-25 00:20:31
万智牌花之毯,鹏飞MTG,95.00,万智牌 克撒传 花之毯-英日文,2019-10-25 00:20:36
万智牌苗生谬思,沃泰傅狼人杀桌游俱乐部,15.00,【W.T.F】万智牌 苗生谬思 火线齐心 BBD 稀有金 中文,2019-10-25 00:20:41
万智牌善变巨像,魔法迷你仓,18.00,万智牌 英文 善变巨像 指挥官2015 金,2019-10-25 00:20:46
万智牌赞迪卡复仇者,5J 闪卡工坊,7.50,5J闪万智牌衍生物 植物0/1 赞迪卡之声妮莎 赞迪卡复仇者,2019-10-25 00:20:51
万智牌抑制力场,蒲原杂货铺,12.00,万智牌 抑制力场 中英 RAV,2019-10-25 00:20:56
万智牌抽地税,鹏飞MTG,60.00,万智牌 火线齐心 抽地税-中文,2019-10-25 00:21:01
万智牌毁天灭地,Kenny万智,12.00,【Kenny万智】万智牌 毁天灭地 英文 老版,2019-10-25 00:21:06
万智牌狮族仲裁者,青岛时间行走卡牌,22.00,万智牌 狮族仲裁者 简中 秘罗地创痕 SOM 白色 金,2019-10-25 00:21:11
万智牌净钢神圣武士,平平的万智牌店,40.00,万智牌 净钢神圣武士 简中 新非瑞克西亚 金,2019-10-25 00:21:15
万智牌希望天使艾维欣,M3卡牌俱乐部,49.00,【特价】MTG 万智牌 牌垫/桌布 希望天使艾维欣,2019-10-25 00:21:20
万智牌肢解,广州桌粤卡牌店,9.00,【广州桌粤】万智牌 MTG 简中/英文 肢解 Dismember,2019-10-25 00:21:25
万智牌物尽其用,万智牌王府井卡牌部落,7.99,MTG 万智牌 中文 物尽其用 核心系列2015 M15 黑 金,2019-10-25 00:21:30
万智牌黑暗冲击波,武汉鹏洛客卡牌,15.00,【鹏洛客卡牌】万智牌 拉尼卡公会城 RAV 黑暗冲击波 英文,2019-10-25 00:28:40
万智牌除灭,潜行之虎卡牌Bar,0.45,万智牌 简中 英文 平/闪 灭除火花 火花之战 WAR 多色,2019-10-25 00:28:47
万智牌镇咒灵,北境卡牌,40.00,［北境卡牌］万智牌 MTG 异月传奇 EMN 镇咒灵 简中/英文 金,2019-10-25 00:28:54
万智牌碎末石碾,九叔的万智牌,108.00,九叔万智牌 碎末石碾 暴风雨 日文 帮七哥卖 Grindstone,2019-10-25 00:29:01
万智牌地源守护妮莎,我们卡牌屋 WE卡牌屋 万智牌店,12.99,万智牌 MTG 地源守护妮莎 阿芒凯 AKH 秘稀 多色,2019-10-25 00:29:08
万智牌冬之球,游戏王万智牌TCG卡牌店,15.00,万智牌 冬之球 神器 金 永恒大师 经典大师 EMA 日文！,2019-10-25 00:29:15
万智牌迅雷护胫,zzsweet,20.00,万智牌 迅雷护胫 简中 指挥官 2015 C15 无色 神器 银,2019-10-25 00:29:22
万智牌噬人蛙怪,曲多卡牌,15.00,[曲多卡牌]万智牌 噬人蛙怪 简中/英/日 依尼翠暗影 多色 秘稀,2019-10-25 00:29:30
万智牌复耀黎兹,5J 闪卡工坊,7.50,5J闪万智牌衍生物 妖精战士1/1 复耀黎兹 骄傲至美 金叶的纳斯,2019-10-25 18:33:39
万智牌心灵葬礼,BR卡牌,9.99,【BR卡牌】万智牌 心灵葬礼 中/英 阿拉若/MM1 多色 银 法术,2019-10-25 18:34:49
万智牌虎影百合子,张家亮的万智小店,100.00,万智牌 虎影百合子 英文,2019-10-25 18:37:18
万智牌最高裁决,魔法迷你仓,20.00,万智牌 简中 最高裁决 再访拉尼卡 金,2019-10-25 18:37:25
万智牌等时权杖,青岛时间行走卡牌,35.00,万智牌 等时权杖 Isochron Scepter 英文/简中 秘罗地 神器 银,2019-10-25 18:37:32
万智牌穿髓金针,卡牌天地,15.00,万智牌 穿髓金针 再仿拉尼卡金 无色 神器 简中,2019-10-25 18:37:38
万智牌驯良之剑,FCG卡牌商城,90.00,(FCG)万智牌 驯良之剑 品相95+,2019-10-25 18:37:45
万智牌着魔时空通道,北极风卡牌,22.50,万智牌 着魔时空通道 简中 五色曙光 NM,2019-10-25 18:44:23
万智牌虚空圣杯,不寻常的小纸片,380.00,万智牌 虚空圣杯 A25 简中,2019-10-25 18:44:29
万智牌联盟遗宝,游戏王万智牌TCG卡牌店,15.00,万智牌 MTG 25周年大师 A25 联盟遗宝 简日文！ 金,2019-10-25 18:44:36
万智牌熔天顶瓦拉库,万智牌王府井卡牌部落,79.99,【王府井卡牌】万智牌 熔天顶瓦拉库 简中 赞迪卡 地 金,2019-10-25 18:44:44
万智牌山贼王大厅,FCG卡牌商城,120.00,(FCG)万智牌 山贼王大厅 品相95+,2019-10-25 18:44:50
万智牌维苏瓦,鸡腿菇桌游卡牌,1.00,鸡腿菇卡牌 万智牌 MTG 25周年大师 简中 维苏瓦变形兽,2019-10-25 18:45:57
万智牌裂片妖母巢,希罗陈,29.99,万智牌 裂片妖母巢 M15 简中,2019-10-25 18:53:46
万智牌阿达卡荒野,G PARTS万智牌,24.99,G/p万智牌 阿达卡荒野 7ED 第七版 简中/英文 金 地,2019-10-25 18:54:00
万智牌塑境秘潭,聚点鸭店,40.00,【Fear】万智牌 塑境秘潭 BBD 简中,2019-10-25 18:54:12
万智牌繁盛步道,六合卡牌,34.99,万智牌 MTG 火线齐心 BBD 地 金 繁盛步道 中文 全品,2019-10-25 18:54:25
万智牌神秘干扰,1six 万智牌,0.50,【1six】万智牌 神秘干扰 简中 艾卓王权 蓝色 银,2019-10-25 18:54:38
万智牌碎骨巨人,一确馆,8.00,万智牌 艾卓王权 ELD 碎骨巨人 简中平 金,2019-10-25 18:54:50
万智牌暴食巨魔侯,虫子桌游,0.90,【虫子桌游】万智牌MTG 暴食巨魔侯 艾卓王权ELD 金 绿 简中/英文,2019-10-25 18:55:03
万智牌裂片妖母巢,希罗陈,29.99,万智牌 裂片妖母巢 M15 简中,2019-10-26 01:40:01
万智牌阿达卡荒野,G PARTS万智牌,24.99,G/p万智牌 阿达卡荒野 7ED 第七版 简中/英文 金 地,2019-10-26 01:40:11
万智牌塑境秘潭,聚点鸭店,40.00,【Fear】万智牌 塑境秘潭 BBD 简中,2019-10-26 01:40:20
万智牌繁盛步道,六合卡牌,34.99,万智牌 MTG 火线齐心 BBD 地 金 繁盛步道 中文 全品,2019-10-26 01:40:29
万智牌神秘干扰,1six 万智牌,0.50,【1six】万智牌 神秘干扰 简中 艾卓王权 蓝色 银,2019-10-26 01:40:38
万智牌碎骨巨人,一确馆,8.00,万智牌 艾卓王权 ELD 碎骨巨人 简中平 金,2019-10-26 01:40:47
万智牌暴食巨魔侯,虫子桌游,0.90,【虫子桌游】万智牌MTG 暴食巨魔侯 艾卓王权ELD 金 绿 简中/英文,2019-10-26 01:40:56
万智牌凡翠丝石像鬼,一确馆,1.50,万智牌 艾卓王权 ELD 凡翠丝石像鬼 简中平 金,2019-10-26 02:31:34
万智牌凡翠丝石像鬼,一确馆,1.50,万智牌 艾卓王权 ELD 凡翠丝石像鬼 简中平 金,2019-10-26 02:53:20
万智牌皇族双子,吴柯菲万智牌俱乐部,40.00,万智牌 皇族双子 简中 艾卓王权 ELD,2019-10-26 02:53:30
万智牌窃冠瓯柯,法力潮汐 ManaTide MTG,294.50,【法力潮汐MTG】万智牌 窃冠瓯柯 简中 艾卓王权 多色 秘稀 全新,2019-10-26 02:53:39
万智牌寻水兽,九叔的万智牌,135.00,九叔万智牌 寻水兽 ELD 简中,2019-10-26 02:53:48
万智牌很久以前,617卡牌,60.00,万智牌 很久以前 中文 艾卓王权 绿色 金,2019-10-26 02:53:57
万智牌劫富侠客,乐游卡牌游戏店,24.80,【乐游卡牌】 万智牌 简中 艾卓王权 劫富侠客,2019-10-26 02:54:06
万智牌巨石圆阵,2015的卡牌小铺,25.00,万智牌 巨石圆阵 ELD 简中,2019-10-26 02:54:15
万智牌神奇小径,鸡腿菇桌游卡牌,69.99,万智牌 艾卓王权 ELD-244 简中 神奇小径 Fabled Passage,2019-10-26 02:54:23
万智牌恶戏之王兰卡,北京卡豆万智牌商城,30.00,【北京卡豆】万智牌 MTG 艾卓王权 ELD 中 密稀 黑 恶戏之王兰卡,2019-10-26 02:54:33
万智牌忠诚焰圈,TA卡牌商城,2.50,【TA】万智牌 忠诚焰圈 中/英 艾卓王权 密稀,2019-10-26 03:13:33
万智牌创新烈焰,童梦徐汇万智牌店,5.00,【童梦徐汇】 万智牌 创新烈焰 简中 艾卓王权 红色,2019-10-26 03:13:47
万智牌幻境保卫者,修罗狼和他的朋友们,1.80,万智牌 幻境保卫者,2019-10-26 03:13:59
万智牌狂徒嬉戏,乐游卡牌游戏店,2.68,【乐游卡牌】 万智牌 简中 艾卓王权 狂徒嬉戏,2019-10-26 03:14:12
万智牌石卷巨蛇,莎莎de小窝,2.00,【莎莎的小窝】万智牌 石卷巨蛇 无色 神器 稀有 中 艾卓王权,2019-10-26 03:14:24
万智牌雅登瓦堡,修罗狼和他的朋友们,1.50,万智牌 雅登瓦堡,2019-10-26 03:14:36
万智牌盖伦碧堡,莎莎de小窝,2.00,【莎莎的小窝】万智牌 盖伦碧堡 简中,2019-10-26 03:16:35
万智牌洛司温堡,修罗狼和他的朋友们,2.00,万智牌 洛司温堡,2019-10-26 03:16:47
万智牌凡翠丝堡,d[s165996793],19.00,【MAGIC CUBE】万智牌 艾卓王权  凡翠丝堡 简中 纪念闪,2019-10-26 03:22:35
万智牌热恋野兽,时间线卡牌,1.00,万智牌 MTG 艾卓王权 ELD 热恋野兽 金 中/英 165 平闪,2019-10-26 03:22:45
万智牌巫视望远镜,我们卡牌屋 WE卡牌屋 万智牌店,0.99,万智牌 MTG 巫视望远镜 艾卓王权 ELD 金 无色 拍下即发,2019-10-26 03:22:57
万智牌全宅起舞,修罗狼和他的朋友们,0.80,万智牌 全宅起舞,2019-10-26 03:23:07
万智牌恶狼,莎莎de小窝,1.00,【莎莎的小窝】万智牌 恶狼 艾卓王权 ELD,2019-10-26 03:23:17
万智牌末日前兆,修罗狼和他的朋友们,0.80,万智牌 末日前兆,2019-10-26 03:23:27
万智牌夺魂骑兵,十二星座卡牌,28.50,万智牌 夺魂骑兵 简中 艾卓王权 黑色,2019-10-26 03:23:36
万智牌厚颜借物灵,万智牌王府井卡牌部落,59.99,【王府井卡牌】万智牌 厚颜借物灵 简中 艾卓王权 蓝 密稀,2019-10-26 03:23:56
万智牌烧燃地脉,Kenny万智,2.00,【Kenny万智】万智牌 M20 烧燃地脉,2019-10-26 03:24:25
万智牌觉醒炼狱茜卓,虫子桌游,2.00,【虫子桌游】万智牌MTG 觉醒炼狱茜卓 徽记 简中,2019-10-26 03:43:07
万智牌虚空地脉,★北京蜜糖万智牌★,75.00,【蜜糖】万智牌 虚空地脉 简中 M20 黑色 金,2019-10-26 03:43:24
万智牌舞空沐燕灵,九叔的万智牌,1.00,九叔万智牌 元素 鸟 衍生物 舞空沐燕灵 简中 英文,2019-10-26 03:43:41
万智牌骄傲血领索霖,灵龙卡牌,25.00,灵龙卡牌 万智牌 核心系列2020 M20 骄傲血领索霖 牌盒 100+容量,2019-10-26 03:44:15
万智牌狂搅核欧那斯,莎莎de小窝,25.00,【莎莎的小窝】万智牌 MTG 狂搅核欧那斯 简中 m20,2019-10-26 03:44:32
万智牌莲花田野,老盘的万智牌,20.00,【老盘的万智牌】莲花田野 简中 M20 平,2019-10-26 03:44:48
万智牌荆棘骁骑,FCG卡牌商城,25.00,(FCG)万智牌 M20 荆棘骁骑,2019-10-26 03:45:05
万智牌圣洁地脉,龙王卡牌,15.00,龙王卡牌 万智牌 圣洁地脉 简中 M20 白色 金,2019-10-26 03:45:36
万智牌火焰侍僧茜卓,童梦徐汇万智牌店,25.00,【童梦徐汇】 万智牌 MTG M20 简中 火焰侍僧茜卓 金,2019-10-26 03:45:56
万智牌神弓游侠薇薇安,虫子桌游,14.60,【虫子桌游】万智牌 MTG 核心2020 M20 神弓游侠薇薇安 简中特卡,2019-10-26 03:46:12
万智牌秽灵雅若克,五月玩具杂货铺,20.00,万智牌 秽灵雅若克 简中/英文 核心系列2020 M20 多色 秘稀,2019-10-26 03:46:48
万智牌狮群之力阿耶尼,童梦徐汇万智牌店,15.00,【童梦徐汇】 万智牌 狮群之力阿耶尼 简中 M20 白色,2019-10-26 03:47:14
万智牌黑檀军团骑士,时间守护者的驿站,18.00,万智牌 M20 核心系列 黑檀军团骑士 金,2019-10-26 03:47:30
万智牌幕宾柯希斯,童梦徐汇万智牌店,9.50,【童梦徐汇】 万智牌 MTG M20 简中  秘稀 幕宾柯希斯,2019-10-26 03:47:47
万智牌烈风骁骑,我们卡牌屋 WE卡牌屋 万智牌店,11.99,万智牌 MTG 烈风骁骑 M20 秘稀 蓝色,2019-10-26 03:48:04
万智牌暮夜骁骑,北极风卡牌,5.00,万智牌 MTG M20 简中/英文  秘稀 暮夜骁骑 全新,2019-10-26 03:48:22
万智牌垦殖妖精,虫子桌游,12.20,【虫子桌游】万智牌MTG M20 核心系列 垦殖妖精 绿色 金 简中,2019-10-26 03:48:38
万智牌烈焰横扫,吴柯菲万智牌俱乐部,0.50,万智牌 烈焰横扫 简中 M20,2019-10-26 03:49:04
万智牌变幻犄角龙,miya桌游社,10.00,【miya卡牌】 万智牌 MTG M20 简中 变幻犄角龙,2019-10-26 03:49:22
万智牌夜群袭狼,一确馆,9.00,万智牌 M20 夜群袭狼 简中平 金,2019-10-26 03:49:51
万智牌挖坟人囚笼,万智萌新传,8.00,万智牌 挖坟人囚笼 M20 核心系列 简中,2019-10-26 03:50:28
